analysis,n,unit,scope,justification
FP32/INT8 training + accuracy,10407,images,full dataset,"complete Paddy corpus, 80/20 stratified split"
Validation split,2082,images,full val split,20 percent stratified holdout
Deployed ORT equivalence (N20),2082,images,full val split,"inference only, no XAI cost"
Drift: GradCAM/GradCAM++/IG,320,images,stratified subset of val,16 times the original n=20; descriptive sample count; post-hoc power does not guarantee adequate power
Drift: LIME,120,images,stratified subset of val,256 forward passes per image
Faithfulness insertion/deletion,250,images,stratified subset of val,250 for curves; infidelity and maximum sensitivity use 64 images
Layer-wise diagnostics,128,images,stratified subset of val,per-layer activation capture memory bound
SIIM-ACR ground-truth localisation,87,cases,evaluated annotated positive cases,87 evaluated cases; deposited results retained with unverified repair-execution provenance
Matched-calibration subset,60,images,stratified subset of TRAIN,actual matched-calibration tensor has60 images (six per class); requested cap64
Randomisation sanity check,16,images,stratified subset of val,"directional sanity check, not powered"
"QAT drift, per lambda arm",320,images,paired across all lambda and seeds,identical images across arms enables paired tests
Paired drift observations (3 arch x [3 xai x 320 + LIME x 120]),3240,observations,pooled,"3240 repeated observations on320 images (120 for LIME), not independent images"
