image,model,gt_frac,gt_iou,gt_dice,chance_iou,pointing_game,mass_in_gt,collapsed
.10005.1517875220.958951,fp32,0.0064,0.0,0.0,0.0032,False,0.0085,False
.10005.1517875220.958951,int8-qdq,0.0064,0.0,0.0,0.0032,False,0.0022,False
.10011.1517875220.977487,fp32,0.0075,0.0605,0.1141,0.0038,False,0.0257,False
.10011.1517875220.977487,int8-qdq,0.0075,0.0,0.0,0.0038,False,0.0112,False
.10012.1517875220.965942,fp32,0.0223,0.0,0.0,0.0113,False,0.0225,False
.10012.1517875220.965942,int8-qdq,0.0223,0.0,0.0,0.0113,False,0.0157,False
.10016.1517875220.992175,fp32,0.0459,0.0,0.0,0.0235,False,0.0332,False
.10016.1517875220.992175,int8-qdq,0.0459,0.0145,0.0286,0.0235,False,0.0553,False
9.10025.1517875221.19235,fp32,0.0064,0.0405,0.0779,0.0032,False,0.0187,False
9.10025.1517875221.19235,int8-qdq,0.0064,0.0,0.0,0.0032,False,0.0191,False
9.10026.1517875221.22915,fp32,0.0151,0.0,0.0,0.0076,False,0.0026,False
9.10026.1517875221.22915,int8-qdq,0.0151,0.0,0.0,0.0076,False,0.0096,False
9.10034.1517875221.47394,fp32,0.0086,0.0,0.0,0.0043,False,0.0139,False
9.10034.1517875221.47394,int8-qdq,0.0086,0.0,0.0,0.0043,False,0.0029,False
.10037.1517875221.677730,fp32,0.0047,0.0,0.0,0.0024,False,0.0015,False
.10037.1517875221.677730,int8-qdq,0.0047,0.0,0.0,0.0024,False,0.0023,False
.10046.1517875221.743999,fp32,0.0064,0.0,0.0,0.0032,False,0.0105,False
.10046.1517875221.743999,int8-qdq,0.0064,0.0,0.0,0.0032,False,0.0109,False
.10047.1517875221.722653,fp32,0.0134,0.0,0.0,0.0067,False,0.0025,False
.10047.1517875221.722653,int8-qdq,0.0134,0.0,0.0,0.0067,False,0.0067,False
.10050.1517875221.763035,fp32,0.0434,0.0,0.0,0.0222,False,0.0266,False
.10050.1517875221.763035,int8-qdq,0.0434,0.0,0.0,0.0222,False,0.0339,False
.10057.1517875221.791666,fp32,0.0078,0.0,0.0,0.0039,False,0.0011,False
.10057.1517875221.791666,int8-qdq,0.0078,0.0,0.0,0.0039,False,0.0034,False
.10060.1517875221.792744,fp32,0.0133,0.0504,0.096,0.0067,False,0.0322,False
.10060.1517875221.792744,int8-qdq,0.0133,0.1722,0.2939,0.0067,False,0.0512,False
.10064.1517875221.817093,fp32,0.0075,0.0,0.0,0.0037,False,0.0093,False
.10064.1517875221.817093,int8-qdq,0.0075,0.0,0.0,0.0037,False,0.0056,False
.10069.1517875221.825476,fp32,0.0381,0.0,0.0,0.0194,False,0.0441,False
.10069.1517875221.825476,int8-qdq,0.0381,0.0244,0.0476,0.0194,False,0.0581,False
.10076.1517875221.859592,fp32,0.0079,0.0,0.0,0.004,False,0.0184,False
.10076.1517875221.859592,int8-qdq,0.0079,0.0,0.0,0.004,False,0.0085,False
.10078.1517875221.860801,fp32,0.0123,0.0,0.0,0.0062,False,0.0169,False
.10078.1517875221.860801,int8-qdq,0.0123,0.0,0.0,0.0062,False,0.0182,False
.10080.1517875221.874515,fp32,0.0138,0.0,0.0,0.0069,False,0.0074,False
.10080.1517875221.874515,int8-qdq,0.0138,0.0,0.0,0.0069,False,0.0118,False
.10093.1517875221.950467,fp32,0.005,0.0,0.0,0.0025,False,0.0019,False
.10093.1517875221.950467,int8-qdq,0.005,0.0,0.0,0.0025,False,0.0025,False
.10094.1517875221.969850,fp32,0.0022,0.0,0.0,0.0011,False,0.0114,False
.10094.1517875221.969850,int8-qdq,0.0022,0.0,0.0,0.0011,False,0.0,False
.10095.1517875221.988309,fp32,0.0058,0.0,0.0,0.0029,False,0.0179,False
.10095.1517875221.988309,int8-qdq,0.0058,0.2041,0.339,0.0029,False,0.0281,False
9.10098.1517875222.57431,fp32,0.0373,0.0329,0.0636,0.019,False,0.0446,False
9.10098.1517875222.57431,int8-qdq,0.0373,0.0,0.0,0.019,False,0.0225,False
9.10099.1517875222.78541,fp32,0.0085,0.0,0.0,0.0043,False,0.0093,False
9.10099.1517875222.78541,int8-qdq,0.0085,0.0,0.0,0.0043,False,0.0165,False
9.10100.1517875222.77135,fp32,0.0074,0.0,0.0,0.0037,False,0.0087,False
9.10100.1517875222.77135,int8-qdq,0.0074,0.0,0.0,0.0037,False,0.0059,False
.10107.1517875222.121330,fp32,0.0114,0.0,0.0,0.0057,False,0.0054,False
.10107.1517875222.121330,int8-qdq,0.0114,0.0,0.0,0.0057,False,0.0024,False
.10110.1517875222.142071,fp32,0.0078,0.0,0.0,0.0039,False,0.0092,False
.10110.1517875222.142071,int8-qdq,0.0078,0.0,0.0,0.0039,False,0.008,False
.10111.1517875222.157809,fp32,0.0193,0.0,0.0,0.0097,False,0.0121,False
.10111.1517875222.157809,int8-qdq,0.0193,0.0,0.0,0.0097,False,0.0272,False
.10118.1517875222.182265,fp32,0.0194,0.0,0.0,0.0098,False,0.0124,False
.10118.1517875222.182265,int8-qdq,0.0194,0.0,0.0,0.0098,False,0.0097,False
9.1012.1517875165.910041,fp32,0.0059,0.0,0.0,0.003,False,0.0072,False
9.1012.1517875165.910041,int8-qdq,0.0059,0.0,0.0,0.003,False,0.0078,False
.10122.1517875222.202189,fp32,0.0068,0.0,0.0,0.0034,False,0.0017,False
.10122.1517875222.202189,int8-qdq,0.0068,0.0,0.0,0.0034,False,0.004,False
.10125.1517875222.220305,fp32,0.007,0.0,0.0,0.0035,False,0.0099,False
.10125.1517875222.220305,int8-qdq,0.007,0.0,0.0,0.0035,False,0.0007,False
.10129.1517875222.244336,fp32,0.0189,0.0,0.0,0.0095,False,0.0291,False
.10129.1517875222.244336,int8-qdq,0.0189,0.0048,0.0095,0.0095,False,0.0325,False
.10131.1517875222.282462,fp32,0.008,0.0,0.0,0.004,False,0.0038,False
.10131.1517875222.282462,int8-qdq,0.008,0.0,0.0,0.004,False,0.0034,False
.10134.1517875222.256426,fp32,0.0062,0.0,0.0,0.0031,False,0.0064,False
.10134.1517875222.256426,int8-qdq,0.0062,0.0,0.0,0.0031,False,0.0087,False
.10138.1517875222.277673,fp32,0.003,0.0,0.0,0.0015,False,0.0066,False
.10138.1517875222.277673,int8-qdq,0.003,0.0,0.0,0.0015,False,0.0075,False
.10143.1517875222.320737,fp32,0.0085,0.0,0.0,0.0043,False,0.0019,False
.10143.1517875222.320737,int8-qdq,0.0085,0.0,0.0,0.0043,False,0.0101,False
.10151.1517875222.348415,fp32,0.0161,0.0,0.0,0.0081,False,0.0185,False
.10151.1517875222.348415,int8-qdq,0.0161,0.0,0.0,0.0081,False,0.0178,False
.10153.1517875222.374774,fp32,0.0057,0.0,0.0,0.0028,False,0.0022,False
.10153.1517875222.374774,int8-qdq,0.0057,0.0,0.0,0.0028,False,0.0058,False
.10156.1517875222.384521,fp32,0.0561,0.0,0.0,0.0289,False,0.0107,False
.10156.1517875222.384521,int8-qdq,0.0561,0.0866,0.1594,0.0289,True,0.0827,False
.10157.1517875222.388499,fp32,0.0153,0.0,0.0,0.0077,False,0.0125,False
.10157.1517875222.388499,int8-qdq,0.0153,0.0,0.0,0.0077,False,0.0088,False
.10168.1517875222.448105,fp32,0.0105,0.0,0.0,0.0053,False,0.0086,False
.10168.1517875222.448105,int8-qdq,0.0105,0.0,0.0,0.0053,False,0.0052,False
.10169.1517875222.447445,fp32,0.014,0.135,0.2379,0.007,False,0.0193,False
.10169.1517875222.447445,int8-qdq,0.014,0.1046,0.1895,0.007,False,0.0264,False
9.1017.1517875165.920291,fp32,0.0072,0.0,0.0,0.0036,False,0.0068,False
9.1017.1517875165.920291,int8-qdq,0.0072,0.0,0.0,0.0036,False,0.0067,False
.10173.1517875222.480007,fp32,0.012,0.0,0.0,0.006,False,0.0086,False
.10173.1517875222.480007,int8-qdq,0.012,0.0,0.0,0.006,False,0.001,False
.10175.1517875222.467676,fp32,0.0074,0.0,0.0,0.0037,False,0.0077,False
.10175.1517875222.467676,int8-qdq,0.0074,0.0,0.0,0.0037,False,0.0057,False
.10178.1517875222.481615,fp32,0.0036,0.0,0.0,0.0018,False,0.004,False
.10178.1517875222.481615,int8-qdq,0.0036,0.0,0.0,0.0018,False,0.0006,False
.10179.1517875222.489133,fp32,0.0056,0.0,0.0,0.0028,False,0.0053,False
.10179.1517875222.489133,int8-qdq,0.0056,0.0,0.0,0.0028,False,0.0039,False
.10191.1517875222.557126,fp32,0.0061,0.0,0.0,0.0031,False,0.0121,False
.10191.1517875222.557126,int8-qdq,0.0061,0.0,0.0,0.0031,False,0.0236,False
.10192.1517875222.561134,fp32,0.0182,0.0,0.0,0.0092,False,0.0239,False
.10192.1517875222.561134,int8-qdq,0.0182,0.0005,0.0011,0.0092,False,0.0076,False
.10195.1517875222.579098,fp32,0.0067,0.0,0.0,0.0033,False,0.0023,False
.10195.1517875222.579098,int8-qdq,0.0067,0.0,0.0,0.0033,False,0.0037,False
.10196.1517875222.580181,fp32,0.0528,0.0198,0.0389,0.0271,False,0.0663,False
.10196.1517875222.580181,int8-qdq,0.0528,0.0218,0.0426,0.0271,False,0.0539,False
.10197.1517875222.581234,fp32,0.0039,0.0,0.0,0.002,False,0.0113,False
.10197.1517875222.581234,int8-qdq,0.0039,0.0,0.0,0.002,False,0.0101,False
.10199.1517875222.591535,fp32,0.0066,0.0,0.0,0.0033,False,0.0119,False
.10199.1517875222.591535,int8-qdq,0.0066,0.0,0.0,0.0033,False,0.0139,False
.10205.1517875222.627574,fp32,0.028,0.0,0.0,0.0142,False,0.0108,False
.10205.1517875222.627574,int8-qdq,0.028,0.0,0.0,0.0142,False,0.0207,False
.10210.1517875222.631015,fp32,0.0228,0.0,0.0,0.0115,False,0.0325,False
.10210.1517875222.631015,int8-qdq,0.0228,0.0057,0.0114,0.0115,False,0.0286,False
.10216.1517875222.661273,fp32,0.0106,0.0,0.0,0.0053,False,0.0277,False
.10216.1517875222.661273,int8-qdq,0.0106,0.0,0.0,0.0053,False,0.0167,False
9.1022.1517875165.946423,fp32,0.0039,0.0,0.0,0.002,False,0.0047,False
9.1022.1517875165.946423,int8-qdq,0.0039,0.0,0.0,0.002,False,0.0013,False
.10222.1517875222.699231,fp32,0.0048,0.0,0.0,0.0024,False,0.0066,False
.10222.1517875222.699231,int8-qdq,0.0048,0.0,0.0,0.0024,False,0.01,False
.10224.1517875222.707891,fp32,0.0126,0.0,0.0,0.0064,False,0.0163,False
.10224.1517875222.707891,int8-qdq,0.0126,0.0,0.0,0.0064,False,0.0108,False
.10226.1517875222.727019,fp32,0.0021,0.0,0.0,0.0011,False,0.0017,False
.10226.1517875222.727019,int8-qdq,0.0021,0.0,0.0,0.0011,False,0.0009,False
.10227.1517875222.722373,fp32,0.0071,0.0,0.0,0.0035,False,0.0092,False
.10227.1517875222.722373,int8-qdq,0.0071,0.0,0.0,0.0035,False,0.0061,False
9.1023.1517875165.944494,fp32,0.0043,0.0,0.0,0.0022,False,0.0013,False
9.1023.1517875165.944494,int8-qdq,0.0043,0.0,0.0,0.0022,False,0.001,False
.10230.1517875222.741435,fp32,0.05,0.0,0.0,0.0256,False,0.012,False
.10230.1517875222.741435,int8-qdq,0.05,0.0,0.0,0.0256,False,0.0565,False
.10233.1517875222.763875,fp32,0.017,0.0,0.0,0.0086,False,0.007,False
.10233.1517875222.763875,int8-qdq,0.017,0.0,0.0,0.0086,False,0.0154,False
.10248.1517875222.820071,fp32,0.004,0.0,0.0,0.002,False,0.0027,False
.10248.1517875222.820071,int8-qdq,0.004,0.0,0.0,0.002,False,0.0015,False
.10250.1517875222.824213,fp32,0.0266,0.0215,0.042,0.0135,False,0.0678,False
.10250.1517875222.824213,int8-qdq,0.0266,0.0851,0.1568,0.0135,False,0.0812,False
.10252.1517875222.844708,fp32,0.0259,0.0,0.0,0.0131,False,0.0247,False
.10252.1517875222.844708,int8-qdq,0.0259,0.0,0.0,0.0131,False,0.0339,False
.10253.1517875222.852311,fp32,0.0104,0.0,0.0,0.0052,False,0.0127,False
.10253.1517875222.852311,int8-qdq,0.0104,0.0,0.0,0.0052,False,0.0119,False
.10256.1517875222.861705,fp32,0.0027,0.0226,0.0441,0.0014,False,0.0096,False
.10256.1517875222.861705,int8-qdq,0.0027,0.0,0.0,0.0014,False,0.0053,False
.10260.1517875222.880220,fp32,0.0238,0.0,0.0,0.012,False,0.0212,False
.10260.1517875222.880220,int8-qdq,0.0238,0.0,0.0,0.012,False,0.0343,False
.10265.1517875222.899187,fp32,0.0303,0.0281,0.0546,0.0154,False,0.0456,False
.10265.1517875222.899187,int8-qdq,0.0303,0.0,0.0,0.0154,False,0.0354,False
.10267.1517875222.914154,fp32,0.0236,0.0034,0.0068,0.0119,False,0.0359,False
.10267.1517875222.914154,int8-qdq,0.0236,0.0,0.0,0.0119,False,0.0427,False
.10269.1517875222.913699,fp32,0.0082,0.0,0.0,0.0041,False,0.0072,False
.10269.1517875222.913699,int8-qdq,0.0082,0.0,0.0,0.0041,False,0.0111,False
.10272.1517875222.933444,fp32,0.0064,0.0143,0.0282,0.0032,False,0.0229,False
.10272.1517875222.933444,int8-qdq,0.0064,0.0127,0.0251,0.0032,False,0.0309,False
.10273.1517875222.936783,fp32,0.0059,0.0,0.0,0.0029,False,0.0098,False
.10273.1517875222.936783,int8-qdq,0.0059,0.0,0.0,0.0029,False,0.003,False
.10277.1517875222.949665,fp32,0.0087,0.0,0.0,0.0044,False,0.0181,False
.10277.1517875222.949665,int8-qdq,0.0087,0.0,0.0,0.0044,False,0.0033,False
.10279.1517875222.955294,fp32,0.0119,0.0,0.0,0.006,False,0.0202,False
.10279.1517875222.955294,int8-qdq,0.0119,0.0,0.0,0.006,False,0.0186,False
.10287.1517875222.997107,fp32,0.0124,0.0,0.0,0.0063,False,0.0109,False
.10287.1517875222.997107,int8-qdq,0.0124,0.0658,0.1234,0.0063,False,0.0157,False
9.10295.1517875223.23166,fp32,0.0022,0.0,0.0,0.0011,False,0.0015,False
9.10295.1517875223.23166,int8-qdq,0.0022,0.0,0.0,0.0011,False,0.0012,False
9.1030.1517875165.982367,fp32,0.0067,0.0,0.0,0.0033,False,0.0161,False
9.1030.1517875165.982367,int8-qdq,0.0067,0.0091,0.018,0.0033,False,0.0163,False
9.10305.1517875223.79499,fp32,0.0051,0.0,0.0,0.0026,False,0.0109,False
9.10305.1517875223.79499,int8-qdq,0.0051,0.0,0.0,0.0026,False,0.0009,False
.10310.1517875223.101698,fp32,0.0068,0.0,0.0,0.0034,False,0.0038,False
.10310.1517875223.101698,int8-qdq,0.0068,0.0,0.0,0.0034,False,0.0034,False
.10312.1517875223.105803,fp32,0.0356,0.0045,0.009,0.0181,False,0.0427,False
.10312.1517875223.105803,int8-qdq,0.0356,0.0037,0.0073,0.0181,False,0.0317,False
.10314.1517875223.121149,fp32,0.0423,0.0156,0.0306,0.0216,False,0.0583,False
.10314.1517875223.121149,int8-qdq,0.0423,0.0028,0.0057,0.0216,False,0.0427,False
.10316.1517875223.125686,fp32,0.0305,0.1248,0.2219,0.0155,False,0.0829,False
.10316.1517875223.125686,int8-qdq,0.0305,0.1052,0.1904,0.0155,False,0.0652,False
.10317.1517875223.123236,fp32,0.0086,0.0,0.0,0.0043,False,0.0148,False
.10317.1517875223.123236,int8-qdq,0.0086,0.0,0.0,0.0043,False,0.0026,False
.10318.1517875223.123532,fp32,0.0283,0.0,0.0,0.0143,False,0.0171,False
.10318.1517875223.123532,int8-qdq,0.0283,0.0,0.0,0.0143,False,0.0104,False
