sim,arch,xai,k,iou,dice,rho,n
legacy,mobilenetv3_large_100,gradcam,0.05,0.3012,0.3939,0.4564,320
legacy,mobilenetv3_large_100,gradcam,0.1,0.3301,0.4433,0.4564,320
legacy,mobilenetv3_large_100,gradcam,0.15,0.3434,0.4726,0.4564,320
legacy,mobilenetv3_large_100,gradcam,0.2,0.3533,0.4948,0.4564,320
legacy,mobilenetv3_large_100,gradcam,0.25,0.3665,0.5175,0.4564,320
legacy,mobilenetv3_large_100,gradcam,0.3,0.3857,0.5429,0.4564,320
legacy,mobilenetv3_large_100,gradcampp,0.05,0.5167,0.6526,0.7699,320
legacy,mobilenetv3_large_100,gradcampp,0.1,0.5585,0.6938,0.7699,320
legacy,mobilenetv3_large_100,gradcampp,0.15,0.5769,0.7144,0.7699,320
legacy,mobilenetv3_large_100,gradcampp,0.2,0.5826,0.7238,0.7699,320
legacy,mobilenetv3_large_100,gradcampp,0.25,0.5892,0.7318,0.7699,320
legacy,mobilenetv3_large_100,gradcampp,0.3,0.5991,0.7415,0.7699,320
legacy,mobilenetv3_large_100,ig,0.05,0.2109,0.3453,0.4796,320
legacy,mobilenetv3_large_100,ig,0.1,0.2465,0.394,0.4796,320
legacy,mobilenetv3_large_100,ig,0.15,0.2799,0.4364,0.4796,320
legacy,mobilenetv3_large_100,ig,0.2,0.3124,0.4753,0.4796,320
legacy,mobilenetv3_large_100,ig,0.25,0.3439,0.5111,0.4796,320
legacy,mobilenetv3_large_100,ig,0.3,0.3753,0.5451,0.4796,320
legacy,mobilenetv3_large_100,lime,0.05,0.3991,0.4542,0.4327,120
legacy,mobilenetv3_large_100,lime,0.1,0.354,0.4481,0.4327,120
legacy,mobilenetv3_large_100,lime,0.15,0.3402,0.4653,0.4327,120
legacy,mobilenetv3_large_100,lime,0.2,0.3234,0.4624,0.4327,120
legacy,mobilenetv3_large_100,lime,0.25,0.3423,0.489,0.4327,120
legacy,mobilenetv3_large_100,lime,0.3,0.372,0.5232,0.4327,120
legacy,resnet50,gradcam,0.05,0.313,0.4271,0.6266,320
legacy,resnet50,gradcam,0.1,0.4148,0.5441,0.6266,320
legacy,resnet50,gradcam,0.15,0.4709,0.6028,0.6266,320
legacy,resnet50,gradcam,0.2,0.5084,0.6402,0.6266,320
legacy,resnet50,gradcam,0.25,0.5339,0.6656,0.6266,320
legacy,resnet50,gradcam,0.3,0.5527,0.6845,0.6266,320
legacy,resnet50,gradcampp,0.05,0.3788,0.5196,0.864,320
legacy,resnet50,gradcampp,0.1,0.5099,0.6577,0.864,320
legacy,resnet50,gradcampp,0.15,0.5782,0.7207,0.864,320
legacy,resnet50,gradcampp,0.2,0.6223,0.7588,0.864,320
legacy,resnet50,gradcampp,0.25,0.6545,0.7849,0.864,320
legacy,resnet50,gradcampp,0.3,0.6776,0.8031,0.864,320
legacy,resnet50,ig,0.05,0.26,0.4068,0.5703,320
legacy,resnet50,ig,0.1,0.2977,0.4552,0.5703,320
legacy,resnet50,ig,0.15,0.3307,0.4945,0.5703,320
legacy,resnet50,ig,0.2,0.3624,0.5299,0.5703,320
legacy,resnet50,ig,0.25,0.393,0.5626,0.5703,320
legacy,resnet50,ig,0.3,0.4229,0.593,0.5703,320
legacy,resnet50,lime,0.05,0.4963,0.5621,0.4589,120
legacy,resnet50,lime,0.1,0.4472,0.5555,0.4589,120
legacy,resnet50,lime,0.15,0.4322,0.5623,0.4589,120
legacy,resnet50,lime,0.2,0.4133,0.5534,0.4589,120
legacy,resnet50,lime,0.25,0.4172,0.5644,0.4589,120
legacy,resnet50,lime,0.3,0.4306,0.5813,0.4589,120
legacy,tf_efficientnetv2_s,gradcam,0.05,0.5825,0.7173,0.8851,320
legacy,tf_efficientnetv2_s,gradcam,0.1,0.6292,0.7603,0.8851,320
legacy,tf_efficientnetv2_s,gradcam,0.15,0.6617,0.7873,0.8851,320
legacy,tf_efficientnetv2_s,gradcam,0.2,0.6813,0.8037,0.8851,320
legacy,tf_efficientnetv2_s,gradcam,0.25,0.6967,0.8163,0.8851,320
legacy,tf_efficientnetv2_s,gradcam,0.3,0.7132,0.8289,0.8851,320
legacy,tf_efficientnetv2_s,gradcampp,0.05,0.4947,0.6423,0.7724,320
legacy,tf_efficientnetv2_s,gradcampp,0.1,0.5438,0.6927,0.7724,320
legacy,tf_efficientnetv2_s,gradcampp,0.15,0.5762,0.7228,0.7724,320
legacy,tf_efficientnetv2_s,gradcampp,0.2,0.6,0.7434,0.7724,320
legacy,tf_efficientnetv2_s,gradcampp,0.25,0.6207,0.7606,0.7724,320
legacy,tf_efficientnetv2_s,gradcampp,0.3,0.6383,0.7748,0.7724,320
legacy,tf_efficientnetv2_s,ig,0.05,0.382,0.5498,0.7025,320
legacy,tf_efficientnetv2_s,ig,0.1,0.4168,0.5868,0.7025,320
legacy,tf_efficientnetv2_s,ig,0.15,0.4454,0.6152,0.7025,320
legacy,tf_efficientnetv2_s,ig,0.2,0.4723,0.6407,0.7025,320
legacy,tf_efficientnetv2_s,ig,0.25,0.4977,0.6638,0.7025,320
legacy,tf_efficientnetv2_s,ig,0.3,0.5219,0.6852,0.7025,320
legacy,tf_efficientnetv2_s,lime,0.05,0.6989,0.7483,0.8509,120
legacy,tf_efficientnetv2_s,lime,0.1,0.6965,0.7888,0.8509,120
legacy,tf_efficientnetv2_s,lime,0.15,0.6694,0.7801,0.8509,120
legacy,tf_efficientnetv2_s,lime,0.2,0.6478,0.7689,0.8509,120
legacy,tf_efficientnetv2_s,lime,0.25,0.65,0.7751,0.8509,120
legacy,tf_efficientnetv2_s,lime,0.3,0.6692,0.7913,0.8509,120
qdq,mobilenetv3_large_100,gradcam,0.05,0.4154,0.5303,0.6932,320
qdq,mobilenetv3_large_100,gradcam,0.1,0.4496,0.582,0.6932,320
qdq,mobilenetv3_large_100,gradcam,0.15,0.4665,0.6091,0.6932,320
qdq,mobilenetv3_large_100,gradcam,0.2,0.4815,0.6319,0.6932,320
qdq,mobilenetv3_large_100,gradcam,0.25,0.5004,0.6547,0.6932,320
qdq,mobilenetv3_large_100,gradcam,0.3,0.5215,0.6768,0.6932,320
qdq,mobilenetv3_large_100,gradcampp,0.05,0.6569,0.7756,0.8874,320
qdq,mobilenetv3_large_100,gradcampp,0.1,0.686,0.8017,0.8874,320
qdq,mobilenetv3_large_100,gradcampp,0.15,0.6981,0.8136,0.8874,320
qdq,mobilenetv3_large_100,gradcampp,0.2,0.7037,0.8195,0.8874,320
qdq,mobilenetv3_large_100,gradcampp,0.25,0.7095,0.8248,0.8874,320
qdq,mobilenetv3_large_100,gradcampp,0.3,0.714,0.8291,0.8874,320
qdq,mobilenetv3_large_100,ig,0.05,0.308,0.4683,0.587,320
qdq,mobilenetv3_large_100,ig,0.1,0.3376,0.5034,0.587,320
qdq,mobilenetv3_large_100,ig,0.15,0.3659,0.5348,0.587,320
qdq,mobilenetv3_large_100,ig,0.2,0.3925,0.563,0.587,320
qdq,mobilenetv3_large_100,ig,0.25,0.4188,0.5896,0.587,320
qdq,mobilenetv3_large_100,ig,0.3,0.4451,0.6153,0.587,320
qdq,mobilenetv3_large_100,lime,0.05,0.4783,0.5304,0.6387,120
qdq,mobilenetv3_large_100,lime,0.1,0.4429,0.5382,0.6387,120
qdq,mobilenetv3_large_100,lime,0.15,0.4455,0.5666,0.6387,120
qdq,mobilenetv3_large_100,lime,0.2,0.4722,0.6086,0.6387,120
qdq,mobilenetv3_large_100,lime,0.25,0.4965,0.6415,0.6387,120
qdq,mobilenetv3_large_100,lime,0.3,0.5022,0.6523,0.6387,120
qdq,resnet50,gradcam,0.05,0.6359,0.7602,0.9315,320
qdq,resnet50,gradcam,0.1,0.7355,0.8398,0.9315,320
qdq,resnet50,gradcam,0.15,0.7829,0.8734,0.9315,320
qdq,resnet50,gradcam,0.2,0.8093,0.8912,0.9315,320
qdq,resnet50,gradcam,0.25,0.8252,0.9016,0.9315,320
qdq,resnet50,gradcam,0.3,0.8313,0.9055,0.9315,320
qdq,resnet50,gradcampp,0.05,0.647,0.7709,0.9554,320
qdq,resnet50,gradcampp,0.1,0.7444,0.8474,0.9554,320
qdq,resnet50,gradcampp,0.15,0.79,0.8794,0.9554,320
qdq,resnet50,gradcampp,0.2,0.8179,0.8977,0.9554,320
qdq,resnet50,gradcampp,0.25,0.8337,0.9078,0.9554,320
qdq,resnet50,gradcampp,0.3,0.84,0.9118,0.9554,320
qdq,resnet50,ig,0.05,0.3633,0.5271,0.6757,320
qdq,resnet50,ig,0.1,0.393,0.5605,0.6757,320
qdq,resnet50,ig,0.15,0.4204,0.5892,0.6757,320
qdq,resnet50,ig,0.2,0.4467,0.6153,0.6757,320
qdq,resnet50,ig,0.25,0.4724,0.6398,0.6757,320
qdq,resnet50,ig,0.3,0.4979,0.6632,0.6757,320
qdq,resnet50,lime,0.05,0.7554,0.8087,0.7886,120
qdq,resnet50,lime,0.1,0.735,0.8134,0.7886,120
qdq,resnet50,lime,0.15,0.6871,0.7935,0.7886,120
qdq,resnet50,lime,0.2,0.6591,0.7776,0.7886,120
qdq,resnet50,lime,0.25,0.667,0.786,0.7886,120
qdq,resnet50,lime,0.3,0.6591,0.783,0.7886,120
qdq,tf_efficientnetv2_s,gradcam,0.05,0.6541,0.7781,0.94,320
qdq,tf_efficientnetv2_s,gradcam,0.1,0.7056,0.8193,0.94,320
qdq,tf_efficientnetv2_s,gradcam,0.15,0.736,0.8426,0.94,320
qdq,tf_efficientnetv2_s,gradcam,0.2,0.7545,0.8566,0.94,320
qdq,tf_efficientnetv2_s,gradcam,0.25,0.7682,0.8664,0.94,320
qdq,tf_efficientnetv2_s,gradcam,0.3,0.7825,0.876,0.94,320
qdq,tf_efficientnetv2_s,gradcampp,0.05,0.5934,0.7309,0.8657,320
qdq,tf_efficientnetv2_s,gradcampp,0.1,0.639,0.7721,0.8657,320
qdq,tf_efficientnetv2_s,gradcampp,0.15,0.667,0.7953,0.8657,320
qdq,tf_efficientnetv2_s,gradcampp,0.2,0.6877,0.8112,0.8657,320
qdq,tf_efficientnetv2_s,gradcampp,0.25,0.7051,0.824,0.8657,320
qdq,tf_efficientnetv2_s,gradcampp,0.3,0.7208,0.8351,0.8657,320
qdq,tf_efficientnetv2_s,ig,0.05,0.5025,0.6667,0.7966,320
qdq,tf_efficientnetv2_s,ig,0.1,0.5284,0.6902,0.7966,320
qdq,tf_efficientnetv2_s,ig,0.15,0.5504,0.7091,0.7966,320
qdq,tf_efficientnetv2_s,ig,0.2,0.5704,0.7258,0.7966,320
qdq,tf_efficientnetv2_s,ig,0.25,0.5899,0.7415,0.7966,320
qdq,tf_efficientnetv2_s,ig,0.3,0.6087,0.7563,0.7966,320
qdq,tf_efficientnetv2_s,lime,0.05,0.7362,0.7811,0.9132,120
qdq,tf_efficientnetv2_s,lime,0.1,0.7522,0.8256,0.9132,120
qdq,tf_efficientnetv2_s,lime,0.15,0.7415,0.8343,0.9132,120
qdq,tf_efficientnetv2_s,lime,0.2,0.7443,0.8395,0.9132,120
qdq,tf_efficientnetv2_s,lime,0.25,0.733,0.8355,0.9132,120
qdq,tf_efficientnetv2_s,lime,0.3,0.743,0.8449,0.9132,120
