file,action,basis,original_sha256,final_sha256,rows
tables/N10_lambda_sweep.csv,RETAINED_RAW_DERIVATIVE_VERIFIED,Every numeric aggregate checked against archived raw data using source-code grouping; within four-decimal rounding. No new model inference.,d06e98d6854a7a1e0de53e4ac83934998cd77a22790a394ca52aab5af12b8c7c,d06e98d6854a7a1e0de53e4ac83934998cd77a22790a394ca52aab5af12b8c7c,45
tables/N11_seed_variability.csv,RETAINED_RAW_DERIVATIVE_VERIFIED,Every numeric aggregate checked against archived raw data using source-code grouping; within four-decimal rounding. No new model inference.,2c06f6b278742a64b91bc0f18b875cccc519d1300b3c212375217a3a6d16a5fb,2c06f6b278742a64b91bc0f18b875cccc519d1300b3c212375217a3a6d16a5fb,9
tables/N12_post_qat_performance.csv,RETAINED_CHECKED,21 logged QAT F1/pooled-IoU values agree within output rounding; individual records not printed,dee72eea107e04d35c4b7844b3bfac27538dc58b1dcbbdd09f82d724fb8c5b16,dee72eea107e04d35c4b7844b3bfac27538dc58b1dcbbdd09f82d724fb8c5b16,27
tables/N13_faithfulness.csv,RETAINED_NO_PROVEN_MISMATCH,"complete table values not printed in stored outputs; original bytes retained, not independently recovered",c4dd8d6cc8185c78486e7a1dd39d9b6c6ff8f794a976f5db8329cda19e1df023,c4dd8d6cc8185c78486e7a1dd39d9b6c6ff8f794a976f5db8329cda19e1df023,12
tables/N13b_randomization_sanity.csv,RETAINED_NO_PROVEN_MISMATCH,"complete table values not printed in stored outputs; original bytes retained, not independently recovered",b7401dd75cccaf6edc7f4d215cc57d6b4adc7324879649087904702bbd0a772f,b7401dd75cccaf6edc7f4d215cc57d6b4adc7324879649087904702bbd0a772f,9
tables/N14a_bootstrap_ci.csv,RETAINED_RAW_DERIVATIVE_VERIFIED,Recalculated offline with the original saved notebook statistics code and archived raw records; exact match at stored precision. No model inference.,1fe315bfd3080532b8b39694b159186d6b2f696961c8417cb361f0346c0595c7,1fe315bfd3080532b8b39694b159186d6b2f696961c8417cb361f0346c0595c7,36
tables/N14b_paired_tests_holm.csv,RETAINED_RAW_DERIVATIVE_VERIFIED,Recalculated offline with the original saved notebook statistics code and archived raw records; exact match at stored precision. No model inference.,d464acf32c44e8f74ebe71ab4d9eb7c926b7894aabe5241f754ac0e71c4f1f7a,d464acf32c44e8f74ebe71ab4d9eb7c926b7894aabe5241f754ac0e71c4f1f7a,6
tables/N14c_power_analysis.csv,RETAINED_RAW_DERIVATIVE_VERIFIED,Recalculated offline with the original saved notebook statistics code and archived raw records; exact match at stored precision. No model inference.,093dd6e5ed70d80bd0c9b677ebaae89d2c8c08255a9687cc03d59c5f5f98e2db,093dd6e5ed70d80bd0c9b677ebaae89d2c8c08255a9687cc03d59c5f5f98e2db,6
tables/N14d_qat_paired_tests.csv,RETAINED_RAW_DERIVATIVE_VERIFIED,Recalculated offline with the original saved notebook statistics code and archived raw records; exact match at stored precision. No model inference.,526d866e657dafa9f38477fc1263af72e7930aef704dcb278766b29703466bc8,526d866e657dafa9f38477fc1263af72e7930aef704dcb278766b29703466bc8,9
tables/N15_fakequant_config.csv,RETAINED_NO_PROVEN_MISMATCH,"complete table values not printed in stored outputs; original bytes retained, not independently recovered",f544e0d98b4b4c42b06de75f776b478cd415c56d4b36c40a363dd4a0057403d6,f544e0d98b4b4c42b06de75f776b478cd415c56d4b36c40a363dd4a0057403d6,6
tables/N16_cam_layer_sweep.csv,RETAINED_NO_PROVEN_MISMATCH,"complete table values not printed in stored outputs; original bytes retained, not independently recovered",300c27ed999d4102323148f6eb190752c38e06bcda6669dd55ea9bb2bb71a046,300c27ed999d4102323148f6eb190752c38e06bcda6669dd55ea9bb2bb71a046,18
tables/N17_siim_ground_truth.csv,RETAINED_NO_PROVEN_MISMATCH,original deposited bytes retained; mean IoU internally consistent; saved SIIM repair execution not verified,c251fc5faab06af55e95ffa4c6e349f19f5ecdda7ea105f6d9aba8e9adb19291,c251fc5faab06af55e95ffa4c6e349f19f5ecdda7ea105f6d9aba8e9adb19291,174
tables/N17b_siim_summary.csv,RETAINED_NO_PROVEN_MISMATCH,original deposited bytes retained; mean IoU internally consistent; saved SIIM repair execution not verified,0c2c14b01b3f8500e62a9cf1e246f3d979d75ab7c69549e59d207ca7cf5471d4,0c2c14b01b3f8500e62a9cf1e246f3d979d75ab7c69549e59d207ca7cf5471d4,2
tables/N18_imbalance_vs_drift.csv,RETAINED_NO_PROVEN_MISMATCH,"complete table values not printed in stored outputs; original bytes retained, not independently recovered",ba28b21d33160817e3a80e062f86b2d5319df5fddf0b0b18bb2aeed7ebd1402d,ba28b21d33160817e3a80e062f86b2d5319df5fddf0b0b18bb2aeed7ebd1402d,3
tables/N19_dataset_composition.csv,RETAINED_NO_PROVEN_MISMATCH,"complete table values not printed in stored outputs; original bytes retained, not independently recovered",853d62c593e0aed935ad23a667df4bc4f23a913c39052e8b7af4ca71f775b06a,853d62c593e0aed935ad23a667df4bc4f23a913c39052e8b7af4ca71f775b06a,10
tables/N1_efficiency.csv,RETAINED_NO_PROVEN_MISMATCH,"complete table values not printed in stored outputs; original bytes retained, not independently recovered",13f432f1095af6fe3de9871c898edd90ecf09c66b5095383d1ac6b5b1212df46,13f432f1095af6fe3de9871c898edd90ecf09c66b5095383d1ac6b5b1212df46,3
tables/N20_ort_full_equivalence.csv,RETAINED_CHECKED,all9 complete stored ORT summary rows match within rounding,3f58c8affc0efefb11dc4ff35cdd1306f21c06bc33af265a6ad4dd129cb4df4f,3f58c8affc0efefb11dc4ff35cdd1306f21c06bc33af265a6ad4dd129cb4df4f,9
tables/N2_cam_target_layers.csv,RETAINED_NO_PROVEN_MISMATCH,"complete table values not printed in stored outputs; original bytes retained, not independently recovered",35dff5eafed780275909d42b430247016174462db5f600304b9fa23b0a2c0ee4,35dff5eafed780275909d42b430247016174462db5f600304b9fa23b0a2c0ee4,3
tables/N3_calibration_ablation.csv,RETAINED_NO_PROVEN_MISMATCH,"complete table values not printed in stored outputs; original bytes retained, not independently recovered",613e9c7a81ce65ab6675291bf1a46f89ce8eb78ad2592f7191cb45e5e1833b96,613e9c7a81ce65ab6675291bf1a46f89ce8eb78ad2592f7191cb45e5e1833b96,15
tables/N4_equivalence_cka.csv,RETAINED_NO_PROVEN_MISMATCH,"complete table values not printed in stored outputs; original bytes retained, not independently recovered",51383cce8f54eb12e3a73a8956fd8f56889365a7cd60c00cef91974783e957ab,51383cce8f54eb12e3a73a8956fd8f56889365a7cd60c00cef91974783e957ab,9
tables/N5_k_sweep.csv,RETAINED_RAW_DERIVATIVE_VERIFIED,Every numeric aggregate checked against archived raw data using source-code grouping; within four-decimal rounding. No new model inference.,e20a455622c1e87d55bad11a1e5e451a49b0a495022159ced378e87925a3d270,e20a455622c1e87d55bad11a1e5e451a49b0a495022159ced378e87925a3d270,144
tables/N5b_ranking_stability_over_k.csv,RETAINED_NO_PROVEN_MISMATCH,"complete table values not printed in stored outputs; original bytes retained, not independently recovered",356e32eae46fb64b4e92f56cca109e489401a42c73311acac93746cc9ce63694,356e32eae46fb64b4e92f56cca109e489401a42c73311acac93746cc9ce63694,24
tables/N6_random_baselines.csv,RETAINED_NO_PROVEN_MISMATCH,"complete table values not printed in stored outputs; original bytes retained, not independently recovered",7f12285f39f882005ff08d3819038397675b5fef09a70a24508734c01f96a8af,7f12285f39f882005ff08d3819038397675b5fef09a70a24508734c01f96a8af,6
tables/N7_collapse_rates.csv,RETAINED_RAW_DERIVATIVE_VERIFIED,Every numeric aggregate checked against archived raw data using source-code grouping; within four-decimal rounding. No new model inference.,e205bf578b37e14958842a7be36f2d8cd36a9ec0ad83c9342c681bffdaf74f24,e205bf578b37e14958842a7be36f2d8cd36a9ec0ad83c9342c681bffdaf74f24,24
tables/N8_layerwise_collapse.csv,RETAINED_NO_PROVEN_MISMATCH,"complete table values not printed in stored outputs; original bytes retained, not independently recovered",705e313bca872bca964f822bd8b37eb9140239a85424f2c1ea8b904847af0746,705e313bca872bca964f822bd8b37eb9140239a85424f2c1ea8b904847af0746,48
tables/N9_mixed_precision.csv,RETAINED_NO_PROVEN_MISMATCH,"complete table values not printed in stored outputs; original bytes retained, not independently recovered",999526370df412c86c1434dc7e17ea3296ccc59aad1fef94ee4a5dcb89f676f8,999526370df412c86c1434dc7e17ea3296ccc59aad1fef94ee4a5dcb89f676f8,3
tables/RAW_drift_all.csv,RETAINED_NO_PROVEN_MISMATCH,"complete table values not printed in stored outputs; original bytes retained, not independently recovered",4b81ff5bb8746b74b6b5567bbb7bde7684172751cadfa492dece1d7c3a9cb219,4b81ff5bb8746b74b6b5567bbb7bde7684172751cadfa492dece1d7c3a9cb219,38880
tables/RAW_qat_drift.csv,RETAINED_CHECKED,21 logged QAT F1/pooled-IoU values agree within output rounding; individual records not printed,b0c560ef3a875b0c74140592501f0efee9718bf15a5610191efc0675d22f55d3,b0c560ef3a875b0c74140592501f0efee9718bf15a5610191efc0675d22f55d3,120960
tables/S2_per_class_drift.csv,RETAINED_NO_PROVEN_MISMATCH,"complete table values not printed in stored outputs; original bytes retained, not independently recovered",4359859785ea43e69fbecde4a44a6370b8263ee98a96c76dea8512df29bdfaf4,4359859785ea43e69fbecde4a44a6370b8263ee98a96c76dea8512df29bdfaf4,30
tables/T3_fp32_performance.csv,RETAINED_NO_PROVEN_MISMATCH,"complete table values not printed in stored outputs; original bytes retained, not independently recovered",b00a73d3ebbae8f60b487df57bfda27eb0035ca1389f1b24f7f33005ab7f7f1f,b00a73d3ebbae8f60b487df57bfda27eb0035ca1389f1b24f7f33005ab7f7f1f,3
tables/T3b_training_history.csv,RETAINED_NO_PROVEN_MISMATCH,"complete table values not printed in stored outputs; original bytes retained, not independently recovered",9e9ed87ba9c1f199d4f22c6d6eb67ac9928ee2e9d493a4edf2487c05cb18e0c1,9e9ed87ba9c1f199d4f22c6d6eb67ac9928ee2e9d493a4edf2487c05cb18e0c1,36
tables/T5_prediction_agreement.csv,RETAINED_RAW_DERIVATIVE_VERIFIED,Every numeric aggregate checked against archived raw data using source-code grouping; within four-decimal rounding. No new model inference.,c1f9a9a51b58d06e61b75fd040a74a67653c501cc462d8ead1bd30024990cbe2,c1f9a9a51b58d06e61b75fd040a74a67653c501cc462d8ead1bd30024990cbe2,6
tables/T6_drift_by_model_method.csv,RETAINED_RAW_DERIVATIVE_VERIFIED,Every numeric aggregate checked against archived raw data using source-code grouping; within four-decimal rounding. No new model inference.,a8177a4ba6875a29af78d952b03494ab4645f3f33364f6a165ea9525b88badf4,a8177a4ba6875a29af78d952b03494ab4645f3f33364f6a165ea9525b88badf4,24
tables/T7_drift_by_method.csv,RETAINED_RAW_DERIVATIVE_VERIFIED,Every numeric aggregate checked against archived raw data using source-code grouping; within four-decimal rounding. No new model inference.,2b242776c0d656a86dea073e5e3d01399c78f87eecea44781458eed387cb55db,2b242776c0d656a86dea073e5e3d01399c78f87eecea44781458eed387cb55db,8
tables/T8_qat_mitigation.csv,RETAINED_RAW_DERIVATIVE_VERIFIED,Every numeric aggregate checked against archived raw data using source-code grouping; within four-decimal rounding. No new model inference.,05db549e27649fac2e0f8a6b3734ba2ab3cd5cac12b657522f20d3f3b4ad8445,05db549e27649fac2e0f8a6b3734ba2ab3cd5cac12b657522f20d3f3b4ad8445,9
tables/onnx all/N00_rev3_status.csv,RESTORED_OR_CLARIFIED,stored notebook log only; actual calibration count clarified and historical status distinguished from reexecution,6a1211ab9371f21cfd2c99fbbea4640a8681e1533bd2b8c45e0682ccb74964ad,aa3bf2b18f7ca40d83fe3aad600192771e7d38b703e5d9884733cef1c1d61bbe,6
tables/onnx all/N21_qat_vs_lambda0.csv,RESTORED_OR_CLARIFIED,rename lambda0-versus-PTQ delta fields and explicitly mark paired seed42; values retained,5babf130d853b8e8c57126be4da0c2b93ba43e8766605851a864cb5d35b3669e,6a61f2c5c8c7e0bf9d446661e28c865b95c62d3341534995afb857ac9980a10e,9
tables/onnx all/N21b_lambda_monotonicity.csv,RETAINED_NO_PROVEN_MISMATCH,"complete table values not printed in stored outputs; original bytes retained, not independently recovered",4583c976aa067cbe8cca527701827257ff198cc1df415ec71b808c3620057808,4583c976aa067cbe8cca527701827257ff198cc1df415ec71b808c3620057808,9
tables/onnx all/N22_agreement_reconciliation.csv,RETAINED_NO_PROVEN_MISMATCH,"complete table values not printed in stored outputs; original bytes retained, not independently recovered",80fa2b6a4b34c484109e35bdaba118fd06b13c7ae130953cd59d577cea53d6ae,80fa2b6a4b34c484109e35bdaba118fd06b13c7ae130953cd59d577cea53d6ae,9
tables/onnx all/N23_sample_size_inventory.csv,RESTORED_OR_CLARIFIED,"actual60/requested64, pooled formula, auxiliary sample scopes and unsupported power guarantee clarified; result values unchanged",f5ddf2b358aad616c7bf1f54fad55c90464918be8b4f01142c677c8e855b271e,572fe2356d3f5ac5a7e5dc49bacbe5c70dd5f2e598b826b851b9ceb72e09eae7,12
tables/onnx all/N24_compute_budget.csv,RETAINED_NO_PROVEN_MISMATCH,"complete table values not printed in stored outputs; original bytes retained, not independently recovered",c710cfe9c12c968e973db6a944ef0812ef5d55c2740d74be2cd72279a7d5b285,c710cfe9c12c968e973db6a944ef0812ef5d55c2740d74be2cd72279a7d5b285,3
tables/onnx all/N26_fullsplit_cam.csv,RESTORED_OR_CLARIFIED,six summary rows transcribed from complete stored output,e07ad9b96b36c09b59c857351931081190ea84ead87f86cc0ab3803922175aaa,8bd4f094841b31dafd0c27c7ba32d6997e0691fa5a55578e51dd6c9d6b80c098,6
tables/onnx all/N26_fullsplit_cam_gate.csv,RESTORED_OR_CLARIFIED,six gate values copied from logs; absolute differences derived from displayed four-decimal values,efee41f0865ef1d97ae9c187873e0c98eca4650e8d9be2f68f3d84093360f710,a2b0586d680b75dcec0fe7b8c844d0711b131e8d095da2cae85a45b7583efc44,6
tables/onnx all/RAW_fullsplit_cam.csv,UNRECOVERABLE,matching per-image values absent from stored output; original conflicting-run records preserved separately,67741953fd2709489b44c11cf9d13047c3dc0f6ce0be564fe9b33fee5b487070,,12492
tables/onnx all/N25_calibration_matched64.csv,ADDED_FROM_OUTPUT,9 complete rows; actual n60 versus requested64,,84e54703c2afa3d62697d1288157194360fde765757bec6f84d1af89a11c70f1,9
