file,bytes,sha256
.gitignore,607,6fc36b24fa21040171bfac51882c749f203cc887dde59229bf8ba3b5dc0d9bf5
Audit_Notebook_Results.ipynb,7612,9bf3f73740ed7dedac0b11ef425b0a1c45307e675ac4b343b412b347ed47c935
CITATION.cff,887,bee1e2064d8e973ad24995b60eb9af5ecf996e16404c7f4a1b93698c7909e274
FINAL_AUDIT.md,8523,1322b531e822b4a15100351b22b1d43dddeac242fcfd4bd8da0d5ec32ef18e69
LICENSE,18987,ce181ab37bf6e2809980dbd3ecd0f0afa38d86b691c51a22e406ed8c4515d651
MANIFEST.json,10828,f820512ae1f9884612084e075fc85f314ffecbcadd69c8299b9508f5ebda406f
PROGRESS.json,585,a988635db34289b0e0cd1dc423d7b1a6404c05690afcae88513a6f43abef493f
README.md,5296,26b7be7ced35e668a57566aeca430552b3f97eaf35db59b07aeb00f0b7d1c20e
REGEN_FIGURES.py,19873,78ccc8865c8df240c092d347e96094744606da4084384ec5434a29fdc1039a28
REPOSITORY_UPDATE.md,3134,71ea86a2b1da632381a8d3bdcb2ce8e0662a6111264ee7fa0d4243f6331517d3
Restore_Zenodo_CSVs_from_Notebook_Outputs.ipynb,29002,4d636b8c77e605829713e37ed51dc998d8963b47fecb5789852794342fcb99b0
TABLE_INDEX.csv,4173,a30d5b964ce1745eaf5ce02da7f10e72862ce018b57ad42bbfbd278cb8e272c1
ZENODO_RELEASE_GUIDE.md,7107,d5d676b43ffabd5706b9179bee3a8645e76ce8fcafe75f2de1ee8d471dc2193a
audit_release.py,7273,198f0fe85b411a092b2edc00468a3f79be0bee93254e233edfa36ca69def8389
figures/fig_accuracy_vs_lambda.pdf,25897,66f845710bbaca2bdbbce27982825cae77b14940b080f987c1f2e24ec9ef7795
figures/fig_accuracy_vs_lambda.png,438182,5cba8e4e58a9170725d705eb373d4888898c1b20be231a741e1a62b26cb71d3c
figures/fig_accuracy_vs_lambda.svg,19780,b7873fbb1d0112b29a80c26daf71117860392c74578ed04e460396cc394aa746
figures/fig_collapse_heatmap.pdf,25367,48e6c1ca13fb6059840747f10c8b1102072cbdd353d57b7801bf2cd4db72110e
figures/fig_collapse_heatmap.png,410351,b5a54e0d890c7995e1be9fa6a2044c614f79057aa5b2b05adb3eb1b24308a822
figures/fig_collapse_heatmap.svg,31574,8bf93805d25f9da7e1cdd12d72d9028a9ee39ab6dfda446fd6bfcf6c422473a1
figures/fig_dataset_distribution.pdf,21605,c6b7d547293a2d5fa456dfa0fdbb870d96382ec2bbed24423b58439fcf4bf2b4
figures/fig_dataset_distribution.png,558701,9cbbeee0b1648b8ddfa8e9d495283322ea0c5c587eb9db1ceb74bf4f93f7bdbf
figures/fig_dataset_distribution.svg,15327,990417d9f81ec71ed64790e178820324110473ef8686cc61595a87cce7c17772
figures/fig_k_sweep.pdf,27004,37d5226d77275b6927edd9aae9a4273c1014e71c548bfcf99c585433f62687b0
figures/fig_k_sweep.png,469298,5b8a3ae3764e473102d84ad70f814823c15cca9342aa7d57f72d17e846fcae9b
figures/fig_k_sweep.svg,35572,da3621f00c5a0ac89d9d1e08b4a0d370465c235c8a4d81fdfcb73ee2339fcd3d
figures/fig_lambda_sweep.pdf,30844,dc24c8fe87e2fa9ae63066176fb698900a7c19c89825318cc72d66393d97c35b
figures/fig_lambda_sweep.png,611880,661b56c6288119dc0f3e579d186e690c03b103ba1cc957f38f58ec4e4d954fd4
figures/fig_lambda_sweep.svg,44100,661dbb99365789d38dee39ed2cdaec81553ea0b7b6b3ded530e6e1522b18e899
figures/fig_spearman_by_method_ci.pdf,21878,37e1ec71906e9478a2f2e04434c54453b2696c60d03b7ffe86763c0b239b2eae
figures/fig_spearman_by_method_ci.png,339342,463236b0093f3e5c4ac88c6800149d43d5a1c1e5d1ff104d1912d160ab2f9b85
figures/fig_spearman_by_method_ci.svg,11989,5f1996a682625e20a35c0298be21570123e5d5b8773775a8da6b99a940a2e768
figures/fig_spearman_grid.pdf,199546,0ade11b8f3f328ff4e7621d63fdf0a0a5a0cfe00f18423f24258bf04a263c96f
figures/fig_spearman_grid.png,747331,edb4803f3aeb3956d3283ea00ba2ce9acf25b2bd2704ce4c8d48c87e0a6187b0
figures/fig_spearman_grid.svg,142861,36232d3da6d90acaf16b798f2536326c967876d269bdefcb92537611c1e7fd90
figures/fig_topk_iou_by_method_ci.pdf,22123,340c119e9b01f07cad1d45966df8be5e2dd248d8ff75a0504d75743244f1f3ba
figures/fig_topk_iou_by_method_ci.png,363133,3fdeea8c924b43991173bb99e8971d7160749f61da9619c3ac7d4d6478ff4914
figures/fig_topk_iou_by_method_ci.svg,14477,bc218851c021f98019e82f726eb6a6abdace400e990ce69709fec76c9d632ae7
main.tex,147422,54ded121ac40a0915490e4376033ef8fc25f034f23409cba1836e4fa99422667
naturemag.bst,3735,011ac63b00ce06909faf7edfd88046ef75e4a1a432e5c08dd09415f832ef8054
provenance/CHANGED_VALUES.csv,3744,f455dada28d7862b26bcf4db8a2d0a8a65d68899cc1c5f43ca1f54593bec039f
provenance/CSV_AUDIT.csv,13787,81b728cba4b8b71f9fc4cb22997002fd89f774ebc222dd6722acc41e3d7a2ea2
provenance/EXTRA_STATISTICAL_VALIDATION.json,1025,80e781f834dc925ba5b96ce565c29d7036f3e9fed3edec7b26cf65c1c672eff9
provenance/FINAL_AUDIT_VALIDATION.json,2919,5830fe7a6fc57d45d5ffb2e576de6499e8a4926a3efdadcb44c2c2eb478e2389
provenance/FINAL_FILE_CHANGES.json,1482,46efbe5452ae73cd585c8a7752d9ddb068c84c356fd1b46acdab52516f8a22ec
provenance/MANUSCRIPT_CHANGES.diff,128780,867b1da6a00498697226fa5f54bc6a7e4bfd7a92374c7800ffa17266f155685a
provenance/MANUSCRIPT_FINAL_CHANGES.diff,19010,24517c7bdd50da91f6efa77422bc82b247a1042864ee7a1e2d540431d6e13035
provenance/NOTEBOOK_COMPARISON.json,935,d440d18d202234c982d0f5a0888cf7c046166f0dd4a4fe9170047381e162b794
provenance/QAT_CONTROL_VALIDATION.json,3266,250c746fbbd812c4b6fbd743aba2d27c872f81acb1cf88c85cc2192a6e01aea3
provenance/RAW_DERIVATIVE_VALIDATION.json,2604,d39fb6c2c32caa4b876a0c271929cbb9d4cc064c1c090c0e66c050ae3f9169db
provenance/RECOVERY_SUMMARY.md,1425,ce559f97823d96ac0a007f2c63d2aaaf30be426256418a536aa121bffc1fc1bc
provenance/RESTORATION_MANIFEST.json,10235,1811b8866812193ce48ecff90ae8522987785eb4908c942d97e98d8a6c957a4e
provenance/SIIM_INTERNAL_CHECK.json,314,53e5e6439fc2b20ee8a043c8a286362dbaaab904941afad72ac0cedd19b58c15
provenance/SIIM_PROVENANCE.md,712,d3871d186615692393c4b117d80afd4914aba357e167ce6b0ad41a8126354679
provenance/primary_stored_stdout.txt,37046,2b487ce4972c64412f64429d087c34cb5bfbf872e9db34192f59703bd1e2620c
provenance/qat_calibration_reanalysis.ipynb,51936,080ad9046fdd9dde639f282c313d4b0f7d1c704c8e668ad65f551b83a9af015f
provenance/quantxai-revision-oneshot-3.ipynb,257285,3062cc4f5f97455a56c11671671baef63d91555f8d863e7dcac20f2f6bd4e5cc
provenance/quantxai-revision.ipynb,212172,1ac02c99eddcbd3c650b6039a503ef3fc3a5df7da8603a56787abd1edc9a8e39
provenance/reanalysis_stored_stdout.txt,9295,a6b03efc6c157f82b160eaddc353369010dc798bffbd9deef7b33c0cea9ffc5a
provenance/superseded_originals/CITATION.cff,1649,a58c71cf19cb6f5df11061cc396a22e4f23312924cc2f4a07e7f5e5a4b726482
provenance/superseded_originals/MANIFEST.json,2091,6f3fbc69932d20b9746e439e89de0c2b1d845a10ae7b84383f63a0b23c14aed7
provenance/superseded_originals/PROGRESS.json,2418,1bc582298f867ba39e71d8cc921b93177b9b9217ff41c28ce55695c620501608
provenance/superseded_originals/README.md,8394,9f56cfbf42781f3df2a2a0ee0e97fbfb61df0eae85bafd19c443f72fcdae036a
provenance/superseded_originals/REGEN_FIGURES.py,19371,1685f9fc3d449666d63ca0cd242c5c271e7e83e6dfa350c1f6a0c2a21eeeb955
provenance/superseded_originals/TABLE_INDEX.csv,3213,7d799abce43b0ae5242929431a78b92e53bbe198497ae386a5ed30cf151b9f1d
provenance/superseded_originals/main.tex,147803,5f4be59fecc79b49d907ee95ca82faff451cb4c70ff7aa89254d93a93bbef418
provenance/superseded_originals/tables/onnx all/N00_rev3_status.csv,526,6a1211ab9371f21cfd2c99fbbea4640a8681e1533bd2b8c45e0682ccb74964ad
provenance/superseded_originals/tables/onnx all/N21_qat_vs_lambda0.csv,1220,5babf130d853b8e8c57126be4da0c2b93ba43e8766605851a864cb5d35b3669e
provenance/superseded_originals/tables/onnx all/N23_sample_size_inventory.csv,1259,f5ddf2b358aad616c7bf1f54fad55c90464918be8b4f01142c677c8e855b271e
provenance/superseded_originals/tables/onnx all/N26_fullsplit_cam.csv,426,e07ad9b96b36c09b59c857351931081190ea84ead87f86cc0ab3803922175aaa
provenance/superseded_originals/tables/onnx all/N26_fullsplit_cam_gate.csv,352,efee41f0865ef1d97ae9c187873e0c98eca4650e8d9be2f68f3d84093360f710
provenance/superseded_originals/tables/onnx all/RAW_fullsplit_cam.csv,1533775,67741953fd2709489b44c11cf9d13047c3dc0f6ce0be564fe9b33fee5b487070
qat_calibration_reanalysis.ipynb,51936,080ad9046fdd9dde639f282c313d4b0f7d1c704c8e668ad65f551b83a9af015f
quantxai-revision.ipynb,212172,1ac02c99eddcbd3c650b6039a503ef3fc3a5df7da8603a56787abd1edc9a8e39
references.bib,23452,3cbcee524d3d754ec4ddea9fe73c118797403b8fbb197f17a884c192adcff26e
requirements.txt,1917,a5b032240925d468edf50c8846bdc4c6505f587c7155ae02a273579686595b6f
restore_csvs_from_outputs.py,21914,ac8e64e47c001dcd0b60d582df5947c5dc4384bc5f510d6534c9f0c1422290e0
tables/N10_lambda_sweep.csv,2587,d06e98d6854a7a1e0de53e4ac83934998cd77a22790a394ca52aab5af12b8c7c
tables/N11_seed_variability.csv,384,2c06f6b278742a64b91bc0f18b875cccc519d1300b3c212375217a3a6d16a5fb
tables/N12_post_qat_performance.csv,1660,dee72eea107e04d35c4b7844b3bfac27538dc58b1dcbbdd09f82d724fb8c5b16
tables/N13_faithfulness.csv,1024,c4dd8d6cc8185c78486e7a1dd39d9b6c6ff8f794a976f5db8329cda19e1df023
tables/N13b_randomization_sanity.csv,326,b7401dd75cccaf6edc7f4d215cc57d6b4adc7324879649087904702bbd0a772f
tables/N14a_bootstrap_ci.csv,2297,1fe315bfd3080532b8b39694b159186d6b2f696961c8417cb361f0346c0595c7
tables/N14b_paired_tests_holm.csv,491,d464acf32c44e8f74ebe71ab4d9eb7c926b7894aabe5241f754ac0e71c4f1f7a
tables/N14c_power_analysis.csv,368,093dd6e5ed70d80bd0c9b677ebaae89d2c8c08255a9687cc03d59c5f5f98e2db
tables/N14d_qat_paired_tests.csv,685,526d866e657dafa9f38477fc1263af72e7930aef704dcb278766b29703466bc8
tables/N15_fakequant_config.csv,275,f544e0d98b4b4c42b06de75f776b478cd415c56d4b36c40a363dd4a0057403d6
tables/N16_cam_layer_sweep.csv,1285,300c27ed999d4102323148f6eb190752c38e06bcda6669dd55ea9bb2bb71a046
tables/N17_siim_ground_truth.csv,12905,c251fc5faab06af55e95ffa4c6e349f19f5ecdda7ea105f6d9aba8e9adb19291
tables/N17b_siim_summary.csv,191,0c2c14b01b3f8500e62a9cf1e246f3d979d75ab7c69549e59d207ca7cf5471d4
tables/N18_imbalance_vs_drift.csv,207,ba28b21d33160817e3a80e062f86b2d5319df5fddf0b0b18bb2aeed7ebd1402d
tables/N19_dataset_composition.csv,329,853d62c593e0aed935ad23a667df4bc4f23a913c39052e8b7af4ca71f775b06a
tables/N1_efficiency.csv,503,13f432f1095af6fe3de9871c898edd90ecf09c66b5095383d1ac6b5b1212df46
tables/N20_ort_full_equivalence.csv,986,3f58c8affc0efefb11dc4ff35cdd1306f21c06bc33af265a6ad4dd129cb4df4f
tables/N2_cam_target_layers.csv,339,35dff5eafed780275909d42b430247016174462db5f600304b9fa23b0a2c0ee4
tables/N3_calibration_ablation.csv,1313,613e9c7a81ce65ab6675291bf1a46f89ce8eb78ad2592f7191cb45e5e1833b96
tables/N4_equivalence_cka.csv,1592,51383cce8f54eb12e3a73a8956fd8f56889365a7cd60c00cef91974783e957ab
tables/N5_k_sweep.csv,8393,e20a455622c1e87d55bad11a1e5e451a49b0a495022159ced378e87925a3d270
tables/N5b_ranking_stability_over_k.csv,1432,356e32eae46fb64b4e92f56cca109e489401a42c73311acac93746cc9ce63694
tables/N6_random_baselines.csv,470,7f12285f39f882005ff08d3819038397675b5fef09a70a24508734c01f96a8af
tables/N7_collapse_rates.csv,1395,e205bf578b37e14958842a7be36f2d8cd36a9ec0ad83c9342c681bffdaf74f24
tables/N8_layerwise_collapse.csv,5099,705e313bca872bca964f822bd8b37eb9140239a85424f2c1ea8b904847af0746
tables/N9_mixed_precision.csv,280,999526370df412c86c1434dc7e17ea3296ccc59aad1fef94ee4a5dcb89f676f8
tables/RAW_drift_all.csv,5892175,4b81ff5bb8746b74b6b5567bbb7bde7684172751cadfa492dece1d7c3a9cb219
tables/RAW_qat_drift.csv,20261741,b0c560ef3a875b0c74140592501f0efee9718bf15a5610191efc0675d22f55d3
tables/S2_per_class_drift.csv,1660,4359859785ea43e69fbecde4a44a6370b8263ee98a96c76dea8512df29bdfaf4
tables/T3_fp32_performance.csv,157,b00a73d3ebbae8f60b487df57bfda27eb0035ca1389f1b24f7f33005ab7f7f1f
tables/T3b_training_history.csv,3434,9e9ed87ba9c1f199d4f22c6d6eb67ac9928ee2e9d493a4edf2487c05cb18e0c1
tables/T5_prediction_agreement.csv,278,c1f9a9a51b58d06e61b75fd040a74a67653c501cc462d8ead1bd30024990cbe2
tables/T6_drift_by_model_method.csv,1943,a8177a4ba6875a29af78d952b03494ab4645f3f33364f6a165ea9525b88badf4
tables/T7_drift_by_method.csv,555,2b242776c0d656a86dea073e5e3d01399c78f87eecea44781458eed387cb55db
tables/T8_qat_mitigation.csv,960,05db549e27649fac2e0f8a6b3734ba2ab3cd5cac12b657522f20d3f3b4ad8445
tables/onnx all/N00_rev3_status.csv,549,aa3bf2b18f7ca40d83fe3aad600192771e7d38b703e5d9884733cef1c1d61bbe
tables/onnx all/N21_qat_vs_lambda0.csv,1266,6a61f2c5c8c7e0bf9d446661e28c865b95c62d3341534995afb857ac9980a10e
tables/onnx all/N21b_lambda_monotonicity.csv,747,4583c976aa067cbe8cca527701827257ff198cc1df415ec71b808c3620057808
tables/onnx all/N22_agreement_reconciliation.csv,712,80fa2b6a4b34c484109e35bdaba118fd06b13c7ae130953cd59d577cea53d6ae
tables/onnx all/N23_sample_size_inventory.csv,1490,572fe2356d3f5ac5a7e5dc49bacbe5c70dd5f2e598b826b851b9ceb72e09eae7
tables/onnx all/N24_compute_budget.csv,330,c710cfe9c12c968e973db6a944ef0812ef5d55c2740d74be2cd72279a7d5b285
tables/onnx all/N25_calibration_matched64.csv,1298,84e54703c2afa3d62697d1288157194360fde765757bec6f84d1af89a11c70f1
tables/onnx all/N26_fullsplit_cam.csv,426,8bd4f094841b31dafd0c27c7ba32d6997e0691fa5a55578e51dd6c9d6b80c098
tables/onnx all/N26_fullsplit_cam_gate.csv,356,a2b0586d680b75dcec0fe7b8c844d0711b131e8d095da2cae85a45b7583efc44
tables/onnx all/RAW_fullsplit_cam_UNAVAILABLE.md,573,f18f9706a3b852868d6ba35470323e9bcbf0601fcbd40002516d583a2115da52
tables_latex/N10_lambda_sweep.tex,819,4d6f94d5612a80335e78b7f5702a45e82f1d52ad217e1ada64f6f6385dd2af89
tables_latex/N11_seed_variability.tex,573,77b178f4f4d78790d1a399fc73c6f92cc2772e1f92d8386f9f68ab87928faac1
tables_latex/N12_post_qat_performance.tex,1588,356607796cd122f738cebf84553e6fe894c925ea9a2cf41b89799745c07112a4
tables_latex/N13_faithfulness.tex,765,982e0161e70ff9b51279c3026a6bbead859914f92a5cb24793d4b341aa181076
tables_latex/N13b_randomization_sanity.tex,522,968cf44241f97bf352319468f59cec8348506992d3adcfb283afa92dadfac3b5
tables_latex/N14a_bootstrap_ci.tex,3084,8fa5b3b74bae659d545bcdf0035a19c237341b1d3d457c9b1bc55ba927aab354
tables_latex/N14b_paired_tests_holm.tex,800,0c321f76064054ad80ef0ea5c79f4637ea961bf9a5baaa86e4e50049a3fbb889
tables_latex/N14c_power_analysis.tex,641,6abe08cd8396afdf7171a4bdd02cb0e731a9ee743335f467f9434990d09ad589
tables_latex/N14d_qat_paired_tests.tex,1221,94e8466eff28e3623ab52a8546f4a223299f0de84b824f2836dec1c0eeaa5d78
tables_latex/N15_fakequant_config.tex,456,3382fac883246d47f73a4f2221d57efb6a3c33c3c12e13bf1aff22a03cdd2777
tables_latex/N16_cam_layer_sweep.tex,1895,e18940d7aacd80177c6c86aec4109da7862dcb8478b0c3e17e85b0dab614c5a7
tables_latex/N17_siim_ground_truth.tex,6058,8d4240df60511de5de283d7f3761247e8b4da01b27f8fbc90a7b42959cf3a9f7
tables_latex/N17b_siim_summary.tex,339,b3a1d1c9cd8193e02ef8014e90850195472104d7db300e16bb8425c0b5afae70
tables_latex/N18_imbalance_vs_drift.tex,347,1a2ff26900ace649d163ed360c559e46c09cf6ea5ffffb41abb6dc4bb24fea0e
tables_latex/N19_dataset_composition.tex,506,658e8d420961f33674a7bacdabe4e08d4083c9b9d5b9424011bfe1a1a1c1819b
tables_latex/N1_efficiency.tex,658,f743bc3d9b47d5921ecd9a16b38e1cdfd489b2a00ff5893f138366d0660f4224
tables_latex/N2_cam_target_layers.tex,592,0aa9fecf1419e827d843a72af5ab70dbfe46cb57f0975dfaf084279882e81368
tables_latex/N3_calibration_ablation.tex,1279,f0ac920218a3c5c7630d2d25bf734cf06bf31d199bbd94cba0973a4b7eeba52d
tables_latex/N4_equivalence_cka.tex,1432,582840c00afbf734e3510bb8f1b617f9d00efb4e8beb10bdbf2d22d1ff854b8b
tables_latex/N5_k_sweep.tex,451,9c611290030dba989ecd1b51ad08618e35b49bd9fa2188e08f65f1dfad51d5ea
tables_latex/N5b_ranking_stability_over_k.tex,653,214acf4f1616b7a838336dca7f77dfdae5f3759fcbe6f2626ffbbddf21c1f012
tables_latex/N6_random_baselines.tex,375,307a0e1c0067e65f939c0de74c7363290bb5eb4f6750924ff2219ddabe77b768
tables_latex/N7_collapse_rates.tex,2150,9c96fa57d852c1a75831670fe480fc2e8e87ecd147678506f3e5cd1f09e8091c
tables_latex/N8_layerwise_collapse.tex,1049,e03eeae8d8ddd3602235fd88c15d58ea153ce2598bad2cfca43af216099abf61
tables_latex/N9_mixed_precision.tex,591,399bd789101a10601c84d6bcc19f72c513972d7ebac3383a0afe6198fd2997b0
tables_latex/S2_per_class_drift.tex,2268,39140c3538a66e1ff47e30a6fd4284a0362c55fbb4f1c42551caf83e4fd3a0be
tables_latex/T3_fp32_performance.tex,363,2f8c134cbc732869f3887d223dc84e7aec9667ced6b0ce047b7205f2ec2e8196
tables_latex/T3b_training_history.tex,2344,8cc651ce06978605ba1814b2c16036cbd42b179e2cf0fda5eea6b49cbecc06dd
tables_latex/T5_prediction_agreement.tex,347,73299e6ef363d44c58c0dedbd7e9c1620724cafc799f993dc6d135c990a8bd79
tables_latex/T6_drift_by_model_method.tex,485,ebba35d065270ec67258358579f03dffddcbd7db251f0c6fe67cfccf88b88dec
tables_latex/T7_drift_by_method.tex,1712,6c748ae309d168e98627516a222a2b233ae6a57e4a20ac92f9e54ad8a76e8bdd
tables_latex/T8_qat_mitigation.tex,1284,e647b0bf33f9c60b1b16f977055246d0ecb8555510f1421c015cb66de5890326
tables_latex/onnx all/N00_rev3_status.tex,634,19b0d579390aec72163d92860c5d8c81c172985bcfc8db7a11bc154067d4ea73
tables_latex/onnx all/N21_qat_vs_lambda0.tex,1818,f45a86082d0a33964f23f75f834f6482377efc660df67fe359180d5da4c53103
tables_latex/onnx all/N23_sample_size_inventory.tex,1660,5f49d50cd36c95c4b946234b244487be686fe3e395feaed0a70b9972b0f7acf4
tables_latex/onnx all/N25_calibration_matched64.tex,1810,9b673c9adbc9b0ef36aaa0472baecfadca8582a7d5f3c360179752798185611d
tables_latex/onnx all/N26_fullsplit_cam.tex,685,ab3a8ae8739f52f1c0aad9cf78100e8f8e8e57b6171d214ea593be5be81d45b2
tables_latex/onnx all/N26_fullsplit_cam_gate.tex,587,51eb82e5f058969351a9bbacc6e164c912304795bab8c670e242e533d0a6143b
verify_raw_derivatives.py,3976,c53682f733d6cc803e4a1f55f0cf5325b56f421ad38386cb5cdcd9c1b9f7d022
wlscirep.cls,2573,fe7314b528aba2696a88ff6f0adc796cff37fcc9592984ba5dec61117ad4e066
